tid,attribute,correct_val
44,sensor2,44.31
44,sensor33,37.76
45,sensor2,44.31
45,sensor33,38.02
46,sensor2,44.31
46,sensor33,37.76
47,sensor2,44.31
47,sensor33,37.76
48,sensor2,44.27
48,sensor33,38.02
49,sensor2,44.27
49,sensor33,38.02
50,sensor2,44.31
50,sensor33,37.76
51,sensor2,44.31
51,sensor33,37.76
52,sensor2,44.31
52,sensor33,38.28
53,sensor2,44.31
53,sensor33,39.06
54,sensor2,44.31
54,sensor33,38.8
54,sensor34,80.47
55,sensor2,44.36
55,sensor33,38.02
55,sensor34,78.65
56,sensor2,44.36
56,sensor33,37.5
56,sensor34,80.99
57,sensor2,44.36
57,sensor33,36.72
57,sensor34,82.03
58,sensor2,44.36
58,sensor33,36.46
58,sensor34,82.03
59,sensor2,44.36
59,sensor33,36.46
59,sensor34,79.69
60,sensor2,44.44
60,sensor33,35.42
60,sensor34,76.04
61,sensor2,44.44
61,sensor33,35.42
61,sensor34,76.04
62,sensor2,44.44
62,sensor33,35.68
62,sensor34,75.52
63,sensor2,44.44
63,sensor33,35.42
63,sensor34,76.04
64,sensor2,44.44
64,sensor33,35.16
64,sensor34,77.08
65,sensor2,44.49
65,sensor33,35.16
65,sensor34,79.43
66,sensor2,44.49
66,sensor33,35.42
66,sensor34,79.95
67,sensor2,44.49
67,sensor33,35.42
67,sensor34,82.03
68,sensor2,44.49
68,sensor33,36.46
68,sensor34,84.38
69,sensor2,44.49
69,sensor33,36.46
69,sensor34,85.16
70,sensor2,44.53
70,sensor33,36.72
70,sensor34,84.38
71,sensor2,44.53
71,sensor33,36.46
71,sensor34,84.64
72,sensor2,44.53
72,sensor33,36.2
72,sensor34,82.03
73,sensor2,44.53
73,sensor33,35.68
73,sensor34,79.17
74,sensor34,76.04
75,sensor34,73.44
76,sensor1,52.26
76,sensor34,70.57
77,sensor1,52.26
77,sensor34,69.27
78,sensor1,52.17
78,sensor34,69.27
79,sensor1,52.17
79,sensor34,69.01
80,sensor1,52.17
80,sensor34,71.35
81,sensor1,52.17
81,sensor34,75.78
82,sensor1,52.13
82,sensor34,77.86
83,sensor1,52.26
83,sensor34,82.29
84,sensor1,52.17
84,sensor34,84.84
85,sensor1,52.17
85,sensor34,85.64
86,sensor1,52.17
86,sensor34,86.36
87,sensor1,52.17
87,sensor34,87.33
88,sensor1,52.17
88,sensor34,91.67
89,sensor1,52.13
89,sensor34,93.49
90,sensor1,52.17
90,sensor34,97.4
91,sensor1,52.13
91,sensor34,101.56
92,sensor1,52.17
92,sensor34,102.08
93,sensor1,52.17
93,sensor34,98.96
94,sensor1,52.26
94,sensor34,98.18
95,sensor1,52.26
95,sensor34,98.7
96,sensor1,52.17
96,sensor34,100.0
97,sensor1,52.13
97,sensor34,103.39
98,sensor1,52.17
98,sensor34,105.21
99,sensor1,52.17
99,sensor34,105.21
100,sensor1,52.17
100,sensor34,103.91
101,sensor1,52.13
101,sensor34,102.86
102,sensor1,52.13
102,sensor34,100.0
103,sensor1,52.08
103,sensor34,97.92
104,sensor1,52.17
104,sensor34,96.61
105,sensor1,52.17
105,sensor34,95.05
106,sensor1,52.13
106,sensor34,92.97
107,sensor1,52.17
107,sensor34,90.89
108,sensor1,52.08
108,sensor34,90.36
109,sensor1,52.13
109,sensor34,89.58
110,sensor1,52.13
110,sensor34,87.76
111,sensor1,52.13
111,sensor34,87.76
112,sensor1,52.08
112,sensor34,82.55
113,sensor1,52.13
113,sensor34,80.99
114,sensor1,52.08
114,sensor34,79.43
115,sensor1,52.13
115,sensor34,78.12
116,sensor1,52.04
116,sensor34,77.34
117,sensor1,52.08
117,sensor34,76.56
118,sensor1,52.08
118,sensor34,75.26
119,sensor1,52.08
119,sensor34,72.92
120,sensor1,52.04
120,sensor34,76.82
121,sensor1,52.04
121,sensor34,76.82
122,sensor1,52.04
122,sensor34,83.11
123,sensor1,52.08
123,sensor34,88.8
322,sensor0,47.4
322,sensor34,66.93
323,sensor0,47.35
323,sensor34,65.1
324,sensor0,47.35
324,sensor34,63.8
325,sensor0,47.35
325,sensor34,62.24
326,sensor0,47.31
326,sensor34,61.46
327,sensor0,47.31
327,sensor34,63.8
328,sensor0,47.31
328,sensor34,66.41
329,sensor0,47.27
329,sensor34,66.93
330,sensor0,47.27
330,sensor34,66.41
331,sensor0,47.27
331,sensor34,65.62
332,sensor0,47.27
332,sensor34,63.8
333,sensor0,47.18
333,sensor34,62.5
423,sensor33,33.07
423,sensor34,67.71
424,sensor33,33.59
424,sensor34,68.23
425,sensor33,33.85
425,sensor34,67.45
426,sensor33,34.38
426,sensor34,65.62
427,sensor33,34.9
427,sensor34,63.8
428,sensor33,34.9
428,sensor34,61.46
429,sensor33,34.38
429,sensor34,59.9
430,sensor33,34.38
430,sensor34,58.59
431,sensor33,33.85
431,sensor34,56.51
432,sensor33,33.59
432,sensor34,55.21
433,sensor33,32.81
433,sensor34,54.95
454,sensor32,46.09
454,sensor33,29.69
455,sensor32,46.88
455,sensor33,29.69
456,sensor32,47.4
456,sensor33,29.17
457,sensor32,47.14
457,sensor33,28.91
458,sensor32,46.09
458,sensor33,28.91
459,sensor32,45.83
459,sensor33,28.91
460,sensor32,46.09
460,sensor33,28.91
461,sensor32,45.83
461,sensor33,29.17
462,sensor32,45.31
462,sensor33,29.69
463,sensor32,45.31
463,sensor33,29.69
464,sensor32,45.31
464,sensor33,29.69
465,sensor32,45.31
465,sensor33,29.17
466,sensor32,45.31
466,sensor33,28.91
467,sensor32,44.79
467,sensor33,28.91
468,sensor32,44.79
468,sensor33,28.65
469,sensor32,44.01
469,sensor33,28.65
470,sensor32,43.49
470,sensor33,28.65
551,sensor1,49.78
551,sensor2,43.79
552,sensor1,49.74
552,sensor2,43.79
553,sensor1,49.74
553,sensor2,43.79
554,sensor1,49.74
554,sensor2,43.79
555,sensor1,49.74
555,sensor2,43.79
556,sensor1,49.78
556,sensor2,43.79
557,sensor1,49.78
557,sensor2,43.79
558,sensor1,49.74
558,sensor2,43.79
559,sensor1,49.78
559,sensor2,43.79
560,sensor1,49.87
560,sensor2,43.84
561,sensor1,49.87
561,sensor2,43.84
562,sensor1,49.78
562,sensor2,43.84
563,sensor1,49.78
563,sensor2,43.84
564,sensor1,49.87
564,sensor2,43.84
565,sensor1,49.87
565,sensor2,43.84
566,sensor1,49.87
566,sensor2,43.84
567,sensor1,49.87
567,sensor2,43.84
568,sensor1,49.91
568,sensor2,43.84
569,sensor1,49.91
569,sensor2,43.84
570,sensor1,49.78
570,sensor2,43.84
571,sensor1,49.87
571,sensor2,43.84
572,sensor1,49.87
572,sensor2,43.84
573,sensor1,49.91
573,sensor2,43.84
574,sensor1,49.91
574,sensor2,43.84
585,sensor0,46.48
585,sensor2,43.84
586,sensor0,46.48
586,sensor2,43.84
587,sensor0,46.48
587,sensor2,43.84
588,sensor0,46.48
588,sensor2,43.84
589,sensor0,46.48
589,sensor2,43.84
590,sensor0,46.53
590,sensor2,43.84
591,sensor0,46.53
591,sensor2,43.84
592,sensor0,46.53
592,sensor2,43.84
593,sensor0,46.53
593,sensor2,43.84
594,sensor0,46.53
594,sensor2,43.84
595,sensor0,46.48
595,sensor2,43.84
596,sensor0,46.53
596,sensor2,43.84
597,sensor0,46.53
597,sensor2,43.84
598,sensor0,46.53
598,sensor2,43.84
599,sensor0,46.53
599,sensor2,43.84
600,sensor0,46.53
600,sensor2,43.84
601,sensor0,46.53
601,sensor2,43.84
602,sensor0,46.53
602,sensor2,43.84
603,sensor0,46.53
603,sensor2,43.84
604,sensor0,46.53
604,sensor2,43.84
642,sensor32,43.49
642,sensor33,31.51
643,sensor32,42.97
643,sensor33,31.54
644,sensor32,43.49
644,sensor33,31.49
645,sensor32,44.27
645,sensor33,31.35
646,sensor32,44.53
646,sensor33,31.22
647,sensor32,44.53
647,sensor33,31.1
648,sensor32,45.57
648,sensor33,31.04
649,sensor32,47.4
649,sensor33,31.51
650,sensor32,50.82
650,sensor33,30.99
651,sensor32,51.42
651,sensor33,30.99
652,sensor32,51.93
652,sensor33,30.99
653,sensor32,52.36
653,sensor33,30.99
654,sensor32,52.71
654,sensor33,30.99
655,sensor32,52.92
655,sensor33,30.99
656,sensor32,53.0
656,sensor33,31.25
657,sensor32,52.99
657,sensor33,31.51
658,sensor32,52.91
658,sensor33,31.51
659,sensor32,52.73
659,sensor33,33.35
660,sensor32,52.48
660,sensor33,33.43
661,sensor32,52.18
661,sensor33,33.36
662,sensor32,51.9
662,sensor33,33.28
663,sensor32,53.65
663,sensor33,33.19
664,sensor32,52.34
664,sensor33,33.08
665,sensor32,51.82
665,sensor33,32.86
666,sensor32,51.04
666,sensor33,32.56
667,sensor32,50.52
667,sensor33,32.28
668,sensor32,50.0
668,sensor33,32.02
669,sensor32,49.22
669,sensor33,32.81
670,sensor32,48.7
670,sensor33,31.77
671,sensor32,49.74
671,sensor33,31.25
672,sensor32,50.78
672,sensor33,31.25
673,sensor32,49.74
673,sensor33,30.47
674,sensor32,48.18
674,sensor33,30.21
675,sensor32,45.91
675,sensor33,29.95
676,sensor32,44.53
676,sensor33,29.69
677,sensor32,44.01
677,sensor33,29.69
678,sensor32,42.97
678,sensor33,29.95
679,sensor32,41.93
679,sensor33,30.47
680,sensor32,40.89
680,sensor33,30.21
681,sensor32,40.36
681,sensor33,29.95
906,sensor0,47.27
906,sensor33,31.77
907,sensor0,47.27
907,sensor33,32.29
908,sensor0,47.27
908,sensor33,32.29
909,sensor0,47.27
909,sensor33,31.77
910,sensor0,47.27
910,sensor33,31.77
911,sensor0,47.27
911,sensor33,31.77
912,sensor0,47.27
912,sensor33,32.29
913,sensor0,47.27
913,sensor33,32.29
914,sensor0,47.27
914,sensor33,31.77
915,sensor0,47.27
915,sensor33,31.77
916,sensor0,47.27
916,sensor33,31.51
917,sensor0,47.27
917,sensor33,31.25
918,sensor0,47.27
918,sensor33,31.25
919,sensor0,47.31
919,sensor33,31.25
920,sensor0,47.27
920,sensor33,31.25
921,sensor0,47.27
921,sensor33,31.51
922,sensor0,47.31
922,sensor33,31.77
923,sensor0,47.31
923,sensor33,32.29
924,sensor0,47.31
924,sensor33,32.55
925,sensor0,47.31
925,sensor33,32.81
926,sensor0,47.31
926,sensor33,33.07
927,sensor0,47.31
927,sensor33,33.85
928,sensor0,47.31
928,sensor33,35.21
929,sensor0,47.31
929,sensor33,35.32
958,sensor1,50.09
958,sensor34,105.73
959,sensor1,50.09
959,sensor34,107.81
960,sensor1,50.17
960,sensor34,106.77
961,sensor1,50.17
961,sensor34,106.77
962,sensor1,50.13
962,sensor34,110.42
963,sensor1,50.17
963,sensor34,112.24
964,sensor1,50.17
964,sensor34,110.42
965,sensor1,50.13
965,sensor34,107.81
966,sensor1,50.17
966,sensor34,103.91
967,sensor1,50.22
967,sensor34,100.26
989,sensor0,47.48
989,sensor1,50.22
990,sensor0,47.48
990,sensor1,50.35
991,sensor0,47.48
991,sensor1,50.3
992,sensor0,47.48
992,sensor1,50.3
993,sensor0,47.48
993,sensor1,50.35
994,sensor0,47.53
994,sensor1,50.35
995,sensor0,47.53
995,sensor1,50.35
996,sensor0,47.48
996,sensor1,50.35
997,sensor0,47.53
997,sensor1,50.35
998,sensor0,47.53
998,sensor1,50.35
999,sensor0,47.53
999,sensor1,50.39
1000,sensor0,47.53
1000,sensor1,50.35
1001,sensor0,47.53
1001,sensor1,50.35
1002,sensor0,47.53
1002,sensor1,50.3
1003,sensor0,47.53
1003,sensor1,50.35
1161,sensor0,47.92
1161,sensor2,43.45
1162,sensor0,47.92
1162,sensor2,43.49
1163,sensor0,47.74
1163,sensor2,43.49
1164,sensor0,47.92
1164,sensor2,43.49
1165,sensor0,47.92
1165,sensor2,43.58
1166,sensor0,47.92
1166,sensor2,43.58
1167,sensor0,47.92
1167,sensor2,43.58
1168,sensor0,47.92
1168,sensor2,43.62
1169,sensor0,47.83
1169,sensor2,43.62
1170,sensor0,47.83
1170,sensor2,43.66
1171,sensor0,47.83
1171,sensor2,43.66
1172,sensor0,47.83
1172,sensor2,43.66
1173,sensor0,47.83
1173,sensor2,43.71
1174,sensor0,47.83
1174,sensor2,43.71
1191,sensor2,43.92
1191,sensor33,29.17
1192,sensor2,43.92
1192,sensor33,29.17
1193,sensor2,43.92
1193,sensor33,28.91
1194,sensor2,43.92
1194,sensor33,28.91
1195,sensor2,43.92
1195,sensor33,28.91
1196,sensor2,43.92
1196,sensor33,30.21
1197,sensor2,43.92
1197,sensor33,31.25
1198,sensor2,44.01
1198,sensor33,31.25
1199,sensor2,44.01
1199,sensor33,30.99
1200,sensor0,47.79
1200,sensor2,44.05
1200,sensor33,30.21
1201,sensor0,47.79
1201,sensor2,44.05
1201,sensor33,30.21
1202,sensor0,47.79
1202,sensor2,44.05
1202,sensor33,29.95
1203,sensor0,47.79
1203,sensor2,44.05
1203,sensor33,29.95
1204,sensor0,47.79
1204,sensor1,50.61
1204,sensor2,44.05
1204,sensor33,30.21
1205,sensor0,47.57
1205,sensor1,50.61
1205,sensor2,44.05
1205,sensor33,30.21
1206,sensor0,47.79
1206,sensor1,50.61
1206,sensor2,44.1
1206,sensor33,30.99
1207,sensor0,47.79
1207,sensor1,50.56
1207,sensor2,44.1
1207,sensor33,30.47
1208,sensor0,47.79
1208,sensor1,50.61
1208,sensor2,44.1
1208,sensor33,30.21
1209,sensor0,47.7
1209,sensor1,50.61
1209,sensor2,44.1
1209,sensor33,29.95
1210,sensor0,47.79
1210,sensor1,50.61
1210,sensor2,44.1
1210,sensor33,29.69
1211,sensor0,47.79
1211,sensor1,50.61
1211,sensor2,44.1
1211,sensor33,29.69
1212,sensor0,47.79
1212,sensor1,50.65
1212,sensor2,44.1
1212,sensor33,29.17
1213,sensor0,47.79
1213,sensor1,50.61
1213,sensor2,44.1
1213,sensor33,29.69
1214,sensor0,47.79
1214,sensor1,50.65
1214,sensor2,44.1
1214,sensor33,29.95
1215,sensor0,47.79
1215,sensor1,50.74
1215,sensor2,44.1
1215,sensor33,29.95
1216,sensor0,47.79
1216,sensor1,50.65
1216,sensor2,44.14
1216,sensor33,30.47
1217,sensor0,47.79
1217,sensor1,50.65
1217,sensor2,44.14
1217,sensor33,31.77
1218,sensor0,47.79
1218,sensor1,50.65
1218,sensor2,44.1
1218,sensor33,32.81
1219,sensor0,47.74
1219,sensor1,50.61
1219,sensor2,44.14
1219,sensor33,32.29
1220,sensor0,47.83
1220,sensor1,50.65
1220,sensor2,44.1
1220,sensor33,31.51
1221,sensor0,47.83
1221,sensor1,50.65
1221,sensor2,44.1
1221,sensor33,30.99
1222,sensor0,47.83
1222,sensor1,50.65
1222,sensor2,44.1
1222,sensor33,30.47
1223,sensor0,47.83
1223,sensor1,50.61
1223,sensor2,44.05
1223,sensor33,30.21
1224,sensor0,47.79
1224,sensor2,44.05
1224,sensor33,30.47
1225,sensor0,47.83
1225,sensor2,44.01
1225,sensor33,30.47
1226,sensor0,47.83
1226,sensor2,44.01
1226,sensor33,30.47
1227,sensor0,47.83
1227,sensor2,44.01
1227,sensor33,30.99
1228,sensor0,47.83
1228,sensor2,44.01
1228,sensor33,30.99
1229,sensor0,47.83
1229,sensor2,44.01
1229,sensor33,30.99
1230,sensor0,47.83
1230,sensor2,44.05
1230,sensor33,30.99
1231,sensor0,47.83
1231,sensor2,44.05
1231,sensor33,30.99
1232,sensor0,47.83
1232,sensor2,44.05
1232,sensor33,30.47
1233,sensor0,47.83
1234,sensor0,47.83
1235,sensor0,47.83
1236,sensor0,47.83
1442,sensor32,46.61
1442,sensor33,36.2
1443,sensor32,46.88
1443,sensor33,36.46
1444,sensor32,46.61
1444,sensor33,36.2
1445,sensor32,46.09
1445,sensor33,35.42
1446,sensor32,46.88
1446,sensor33,35.16
1447,sensor32,47.92
1447,sensor33,36.2
1448,sensor32,49.22
1448,sensor33,36.72
1449,sensor32,51.04
1449,sensor33,37.5
1450,sensor32,48.17
1450,sensor33,37.76
1451,sensor32,48.06
1451,sensor33,37.5
1452,sensor32,49.74
1452,sensor33,37.5
1453,sensor32,48.44
1453,sensor33,36.46
1454,sensor32,48.18
1454,sensor33,35.42
1455,sensor32,47.92
1455,sensor33,34.38
1456,sensor32,47.92
1456,sensor33,34.11
1457,sensor32,47.92
1457,sensor33,33.85
1467,sensor1,51.09
1467,sensor33,34.38
1468,sensor1,51.09
1468,sensor33,34.38
1469,sensor1,51.04
1469,sensor33,35.56
1470,sensor1,51.04
1470,sensor33,35.48
1471,sensor1,51.09
1471,sensor33,35.34
1472,sensor1,51.09
1472,sensor33,35.2
1473,sensor1,51.04
1473,sensor33,34.99
1474,sensor1,51.09
1474,sensor33,34.7
1475,sensor1,51.04
1475,sensor33,34.4
1476,sensor1,51.04
1476,sensor33,35.16
1477,sensor1,51.0
1477,sensor33,34.11
1478,sensor1,51.04
1478,sensor33,33.59
1479,sensor1,51.04
1479,sensor33,33.59
1480,sensor1,51.0
1480,sensor33,33.59
1481,sensor1,51.04
1481,sensor33,33.07
1482,sensor1,51.0
1482,sensor33,32.81
1483,sensor1,51.04
1483,sensor33,32.55
1484,sensor1,51.0
1484,sensor33,32.55
1485,sensor1,51.0
1485,sensor33,32.55
1486,sensor1,51.0
1486,sensor33,32.29
1487,sensor1,51.0
1487,sensor33,31.51
1488,sensor1,51.0
1488,sensor33,31.25
1511,sensor0,48.35
1511,sensor1,50.78
1512,sensor0,48.35
1512,sensor1,50.82
1513,sensor0,48.35
1513,sensor1,50.87
1514,sensor0,48.35
1514,sensor1,50.78
1515,sensor0,48.35
1515,sensor1,50.82
1516,sensor0,48.39
1516,sensor1,50.82
1517,sensor0,48.39
1517,sensor1,50.82
1518,sensor0,48.39
1518,sensor1,50.87
1519,sensor0,48.39
1519,sensor1,50.82
1520,sensor0,48.39
1520,sensor1,50.82
1521,sensor0,48.39
1521,sensor1,50.82
1522,sensor0,48.39
1522,sensor1,50.87
1523,sensor0,48.39
1523,sensor1,50.87
1524,sensor0,48.39
1524,sensor1,50.78
1525,sensor0,48.39
1525,sensor1,50.87
1525,sensor2,44.1
1525,sensor33,33.07
1526,sensor0,48.39
1526,sensor1,50.82
1526,sensor2,44.05
1526,sensor33,33.59
1527,sensor0,48.44
1527,sensor1,50.87
1527,sensor2,44.05
1527,sensor33,33.85
1528,sensor0,48.44
1528,sensor1,50.87
1528,sensor2,44.01
1528,sensor33,34.11
1529,sensor0,48.44
1529,sensor1,50.87
1529,sensor2,44.01
1529,sensor33,34.9
1530,sensor0,48.44
1530,sensor1,50.82
1530,sensor2,44.01
1530,sensor33,35.16
1531,sensor0,48.44
1531,sensor1,50.95
1531,sensor2,44.05
1531,sensor33,35.42
1532,sensor0,48.44
1532,sensor1,50.87
1532,sensor2,44.05
1532,sensor33,35.42
1533,sensor0,48.44
1533,sensor1,50.95
1533,sensor2,44.05
1533,sensor33,35.68
1534,sensor0,48.48
1534,sensor1,50.82
1534,sensor2,44.1
1534,sensor33,35.68
1535,sensor0,48.48
1535,sensor1,50.95
1535,sensor2,44.1
1535,sensor33,35.68
1536,sensor0,48.48
1536,sensor1,50.87
1536,sensor2,44.1
1536,sensor33,35.42
1537,sensor0,48.48
1537,sensor1,51.0
1537,sensor2,44.1
1537,sensor33,35.68
1538,sensor0,48.48
1538,sensor1,50.87
1538,sensor2,44.1
1538,sensor33,36.46
1539,sensor0,48.48
1539,sensor1,51.0
1539,sensor2,44.1
1539,sensor33,36.98
1540,sensor0,48.48
1540,sensor1,50.95
1540,sensor2,44.1
1540,sensor33,36.98
1541,sensor0,48.48
1541,sensor1,50.87
1541,sensor2,44.14
1541,sensor33,36.72
1542,sensor0,48.48
1542,sensor1,50.95
1542,sensor2,44.1
1542,sensor33,36.46
1543,sensor0,48.57
1543,sensor1,50.95
1543,sensor2,44.1
1543,sensor33,36.2
1544,sensor0,48.57
1544,sensor1,51.0
1544,sensor2,44.1
1544,sensor33,35.42
1545,sensor0,48.57
1545,sensor1,51.0
1545,sensor2,44.05
1545,sensor33,35.42
1546,sensor0,48.57
1546,sensor1,51.0
1546,sensor2,44.01
1546,sensor33,35.42
1547,sensor0,48.57
1547,sensor1,50.87
1547,sensor2,43.92
1547,sensor33,35.16
1548,sensor0,48.57
1548,sensor1,50.95
1548,sensor2,43.88
1548,sensor33,34.9
1549,sensor0,48.61
1549,sensor1,51.0
1549,sensor2,43.84
1549,sensor33,34.38
1550,sensor0,48.61
1550,sensor1,50.95
1550,sensor2,43.84
1550,sensor33,34.11
1551,sensor0,48.61
1551,sensor1,51.0
1552,sensor0,48.57
1552,sensor1,51.0
1553,sensor0,48.61
1553,sensor1,51.0
1554,sensor0,48.61
1554,sensor1,51.04
1555,sensor0,48.65
1555,sensor1,51.04
1596,sensor0,48.57
1596,sensor33,34.11
1597,sensor0,48.57
1597,sensor33,34.11
1598,sensor0,48.57
1598,sensor33,34.38
1599,sensor0,48.57
1599,sensor33,34.9
1600,sensor0,48.57
1600,sensor33,35.16
1601,sensor0,48.57
1601,sensor33,35.16
1602,sensor0,48.57
1602,sensor33,35.16
1603,sensor0,48.57
1603,sensor33,34.9
1604,sensor0,48.57
1604,sensor33,34.11
1605,sensor0,48.61
1605,sensor33,33.85
1606,sensor0,48.61
1606,sensor33,33.59
1607,sensor0,48.61
1607,sensor33,33.59
1608,sensor0,48.61
1608,sensor33,33.07
1609,sensor0,48.57
1609,sensor33,33.07
1610,sensor0,48.61
1610,sensor33,32.81
1611,sensor0,48.61
1611,sensor33,32.81
1612,sensor0,48.57
1612,sensor33,33.07
1613,sensor0,48.57
1613,sensor33,32.81
1614,sensor0,48.48
1614,sensor33,33.07
1615,sensor0,48.57
1615,sensor33,33.59
1616,sensor0,48.57
1616,sensor33,33.59
1617,sensor0,48.57
1617,sensor33,33.59
1618,sensor0,48.44
1618,sensor33,33.59
1619,sensor0,48.57
1619,sensor33,33.85
1620,sensor0,48.48
1620,sensor2,44.53
1620,sensor33,34.9
1621,sensor0,48.48
1621,sensor2,44.53
1621,sensor33,34.9
1622,sensor0,48.48
1622,sensor2,44.53
1622,sensor33,34.38
1623,sensor0,48.48
1623,sensor2,44.57
1623,sensor33,34.11
1624,sensor0,48.48
1624,sensor2,44.57
1624,sensor33,34.11
1625,sensor0,48.48
1625,sensor2,44.66
1625,sensor33,33.07
1626,sensor0,48.48
1626,sensor2,44.66
1626,sensor33,32.81
1627,sensor0,48.48
1627,sensor2,44.66
1627,sensor33,32.81
1628,sensor0,48.44
1628,sensor2,44.7
1628,sensor33,32.81
1629,sensor0,48.39
1629,sensor2,44.7
1629,sensor33,33.07
1630,sensor0,48.44
1630,sensor2,44.75
1630,sensor33,34.35
1631,sensor0,48.44
1631,sensor2,44.75
1631,sensor33,35.68
1632,sensor0,48.44
1632,sensor2,44.79
1632,sensor33,36.2
1633,sensor0,48.39
1633,sensor2,44.79
1633,sensor33,36.2
1634,sensor0,48.35
1634,sensor2,44.79
1634,sensor33,35.42
1635,sensor0,48.39
1635,sensor2,44.79
1635,sensor33,34.9
1636,sensor0,48.39
1636,sensor33,34.38
1637,sensor0,48.39
1637,sensor33,34.38
1638,sensor0,48.57
1638,sensor33,34.11
1789,sensor1,50.61
1789,sensor32,49.22
1790,sensor1,50.56
1790,sensor32,51.04
1791,sensor1,50.61
1791,sensor32,52.08
1792,sensor1,50.61
1792,sensor32,52.08
1793,sensor1,50.61
1793,sensor32,51.3
1794,sensor1,50.61
1794,sensor32,50.78
1795,sensor1,50.61
1795,sensor32,49.48
1796,sensor1,50.61
1796,sensor32,48.44
1797,sensor1,50.61
1797,sensor32,48.7
1798,sensor1,50.61
1798,sensor32,48.7
1799,sensor1,50.61
1799,sensor32,48.7
1800,sensor1,50.74
1800,sensor32,48.18
1801,sensor1,50.74
1801,sensor32,48.18
1802,sensor1,50.61
1802,sensor32,48.7
1803,sensor1,50.65
1803,sensor32,49.22
1804,sensor1,50.74
1804,sensor32,49.22
1805,sensor1,50.78
1805,sensor32,48.44
1806,sensor1,50.78
1806,sensor32,47.92
1807,sensor1,50.65
1807,sensor32,47.4
1808,sensor1,50.74
1808,sensor32,46.88
1809,sensor1,50.74
1809,sensor32,46.61
1810,sensor1,50.78
1810,sensor32,46.88
1811,sensor1,50.78
1811,sensor32,46.88
1812,sensor1,50.78
1812,sensor32,47.14
1813,sensor1,50.78
1813,sensor32,47.4
1814,sensor1,50.65
1814,sensor32,47.14
1815,sensor1,50.78
1815,sensor32,46.88
1816,sensor1,50.78
1816,sensor32,47.14
1817,sensor1,50.78
1817,sensor32,53.8
1818,sensor1,50.74
1818,sensor32,54.77
1819,sensor1,50.78
1819,sensor32,55.21
1843,sensor2,45.36
1843,sensor34,95.96
1844,sensor2,45.36
1844,sensor34,94.86
1845,sensor2,45.36
1845,sensor34,93.63
1846,sensor2,45.36
1846,sensor34,92.15
1847,sensor2,45.36
1847,sensor34,90.63
1848,sensor2,45.36
1848,sensor34,94.01
1849,sensor2,45.36
1849,sensor34,88.54
1850,sensor2,45.31
1850,sensor34,90.18
1851,sensor2,45.31
1851,sensor34,92.0
1852,sensor2,45.31
1852,sensor34,94.15
1853,sensor2,45.31
1853,sensor34,96.4
1854,sensor2,45.31
1854,sensor34,98.83
1855,sensor2,45.31
1855,sensor34,101.5
1856,sensor2,45.31
1856,sensor34,104.51
1857,sensor2,45.31
1857,sensor34,107.68
1858,sensor2,45.31
1858,sensor34,110.39
1859,sensor2,45.31
1859,sensor34,107.29
1860,sensor2,45.31
1860,sensor34,113.48
1861,sensor2,45.31
1861,sensor34,113.73
1862,sensor2,45.31
1862,sensor34,113.7
1863,sensor2,45.36
1863,sensor34,113.15
1864,sensor2,45.36
1864,sensor34,112.18
1865,sensor2,45.4
1865,sensor34,110.81
1866,sensor2,45.4
1866,sensor34,109.15
1867,sensor1,50.87
1867,sensor2,45.4
1867,sensor34,107.35
1868,sensor1,50.87
1868,sensor2,45.4
1868,sensor34,105.5
1869,sensor1,50.78
1869,sensor2,45.4
1869,sensor34,103.62
1870,sensor1,50.78
1870,sensor2,45.4
1870,sensor34,108.07
1871,sensor1,50.78
1871,sensor2,45.4
1871,sensor34,103.91
1872,sensor1,50.87
1872,sensor2,45.4
1872,sensor34,100.26
1873,sensor1,50.82
1873,sensor2,45.4
1873,sensor34,96.88
1874,sensor1,50.82
1874,sensor2,45.4
1874,sensor34,93.49
1875,sensor1,50.78
1875,sensor34,90.89
1876,sensor1,50.78
1876,sensor34,88.8
1877,sensor1,50.87
1877,sensor34,86.98
1878,sensor1,50.78
1878,sensor34,84.9
1879,sensor1,50.82
1879,sensor34,83.85
1880,sensor1,50.87
1880,sensor34,83.85
1881,sensor1,50.95
1881,sensor34,82.29
1882,sensor1,50.87
1882,sensor34,80.47
1883,sensor1,50.82
1883,sensor34,82.55
1884,sensor1,50.82
1884,sensor34,88.8
1885,sensor1,50.82
1885,sensor34,90.03
1886,sensor1,50.82
1886,sensor34,89.16
1887,sensor1,50.82
1887,sensor34,88.0
1888,sensor1,50.87
1888,sensor34,86.64
1889,sensor1,50.82
1889,sensor34,85.27
1890,sensor1,50.82
1890,sensor34,83.96
1891,sensor1,50.87
1891,sensor34,82.79
1892,sensor1,50.82
1892,sensor34,88.8
1893,sensor1,50.82
1893,sensor34,85.94
1894,sensor1,50.87
1894,sensor34,83.07
1895,sensor1,50.87
1895,sensor34,79.95
1942,sensor0,46.31
1942,sensor1,51.0
1943,sensor0,46.31
1943,sensor1,51.0
1943,sensor34,91.67
1944,sensor0,46.27
1944,sensor1,51.0
1944,sensor34,92.71
1945,sensor0,46.27
1945,sensor1,51.0
1945,sensor34,92.71
1946,sensor0,46.27
1946,sensor1,50.95
1946,sensor34,94.79
1947,sensor0,46.27
1947,sensor1,51.04
1947,sensor34,92.97
1948,sensor0,46.22
1948,sensor1,51.0
1948,sensor34,91.67
1949,sensor0,46.22
1949,sensor1,51.0
1949,sensor34,89.58
1950,sensor0,46.22
1950,sensor1,51.0
1950,sensor34,91.41
1951,sensor0,46.22
1951,sensor1,50.95
1951,sensor34,92.97
1952,sensor0,46.22
1952,sensor1,51.04
1952,sensor34,97.66
1953,sensor0,46.22
1953,sensor1,51.04
1953,sensor34,102.6
1954,sensor0,46.22
1954,sensor1,51.04
1954,sensor34,105.73
1955,sensor0,46.22
1955,sensor1,51.0
1955,sensor34,107.03
1956,sensor0,46.22
1956,sensor1,51.04
1956,sensor34,105.99
1957,sensor0,46.18
1957,sensor1,51.0
1957,sensor34,103.12
1958,sensor0,46.18
1958,sensor1,51.0
1958,sensor34,98.96
1959,sensor0,46.22
1959,sensor1,51.0
1959,sensor34,94.01
1960,sensor0,46.22
1960,sensor1,51.09
1960,sensor34,90.89
1961,sensor0,46.22
1961,sensor1,51.0
1961,sensor34,90.36
1962,sensor0,46.22
1962,sensor1,51.0
1962,sensor34,88.8
1963,sensor0,46.22
1963,sensor1,51.09
1963,sensor34,86.98
1964,sensor0,46.22
1964,sensor1,51.04
1964,sensor34,83.85
1965,sensor0,46.22
1965,sensor1,51.0
1965,sensor34,81.77
1966,sensor0,46.22
1966,sensor1,51.04
1966,sensor34,82.55
1967,sensor0,46.18
1967,sensor1,51.0
1967,sensor34,84.64
1968,sensor0,46.22
1968,sensor1,51.04
1968,sensor34,84.9
1969,sensor0,46.22
1969,sensor1,51.04
1969,sensor34,84.38
1970,sensor0,46.18
1970,sensor1,51.0
1970,sensor34,83.33
1971,sensor0,46.18
1971,sensor1,51.0
1971,sensor34,81.77
1972,sensor0,46.18
1972,sensor1,51.04
1972,sensor34,78.65
1973,sensor0,46.18
1973,sensor1,51.0
1973,sensor34,76.04
1974,sensor0,46.18
1974,sensor1,51.04
1974,sensor34,74.74
1975,sensor0,46.05
1975,sensor1,51.04
1975,sensor34,74.22
1976,sensor0,46.18
1976,sensor1,51.09
1976,sensor34,74.22
1977,sensor0,46.18
1977,sensor1,51.04
1977,sensor34,77.08
1978,sensor0,46.18
1978,sensor1,51.04
1978,sensor34,81.25
1979,sensor0,46.05
1979,sensor1,51.04
1979,sensor34,83.85
1980,sensor0,46.18
1980,sensor1,51.04
1980,sensor34,87.96
1981,sensor0,46.18
1981,sensor1,51.04
1981,sensor34,91.41
1982,sensor0,46.18
1982,sensor1,51.09
1982,sensor34,93.75
1983,sensor0,46.18
1983,sensor1,51.04
1983,sensor34,93.49
2040,sensor33,33.07
2040,sensor34,79.43
2041,sensor33,33.07
2041,sensor34,79.43
2042,sensor33,32.81
2042,sensor34,80.99
2043,sensor33,33.07
2043,sensor34,83.33
2044,sensor33,33.85
2044,sensor34,84.9
2045,sensor33,33.85
2045,sensor34,84.9
2046,sensor33,33.85
2046,sensor34,84.38
2047,sensor33,33.59
2047,sensor34,82.29
2048,sensor33,33.59
2048,sensor34,82.29
2049,sensor33,33.59
2049,sensor34,82.03
2050,sensor33,34.38
2050,sensor34,82.29
2051,sensor33,34.9
2051,sensor34,83.07
2068,sensor2,45.14
2068,sensor34,76.82
2069,sensor2,45.14
2069,sensor34,79.43
2070,sensor2,45.14
2070,sensor34,81.77
2071,sensor2,45.14
2071,sensor34,83.68
2072,sensor2,45.14
2072,sensor34,84.05
2073,sensor2,45.1
2073,sensor34,88.54
2074,sensor2,45.1
2074,sensor34,88.28
2075,sensor2,45.1
2075,sensor34,91.15
2076,sensor2,45.1
2076,sensor34,93.75
2077,sensor2,45.1
2077,sensor34,96.09
2078,sensor2,45.01
2078,sensor34,94.79
2079,sensor2,45.01
2079,sensor34,91.67
2080,sensor2,45.01
2080,sensor34,88.8
2081,sensor2,45.01
2081,sensor34,86.2
2082,sensor2,45.01
2082,sensor34,83.33
2083,sensor2,45.01
2083,sensor34,81.77
2084,sensor2,45.01
2084,sensor34,79.95
2085,sensor2,45.01
2085,sensor34,79.69
2086,sensor2,45.01
2086,sensor34,78.39
2087,sensor2,45.01
2087,sensor34,77.34
2088,sensor2,45.01
2088,sensor34,78.12
2089,sensor2,45.1
2089,sensor34,77.86
2090,sensor2,45.1
2090,sensor34,80.47
2091,sensor2,45.1
2091,sensor34,81.77
2092,sensor2,45.01
2092,sensor34,81.77
2093,sensor2,45.1
2093,sensor34,81.25
2094,sensor2,45.01
2094,sensor34,82.55
2095,sensor2,45.1
2095,sensor34,82.55
2096,sensor2,45.01
2096,sensor34,82.55
2263,sensor0,46.7
2263,sensor33,33.07
2264,sensor0,46.44
2264,sensor33,34.11
2265,sensor0,46.7
2265,sensor33,34.9
2266,sensor0,46.7
2266,sensor33,35.16
2267,sensor0,46.7
2267,sensor33,35.42
2268,sensor0,46.7
2268,sensor33,35.16
2269,sensor0,46.7
2269,sensor33,34.38
2270,sensor0,46.7
2270,sensor33,33.59
2271,sensor0,46.7
2271,sensor33,32.55
2272,sensor0,46.7
2272,sensor33,32.29
2273,sensor0,46.7
2273,sensor33,32.29
2274,sensor0,46.7
2274,sensor33,33.59
2275,sensor0,46.7
2275,sensor33,35.29
2276,sensor0,46.7
2276,sensor33,35.32
2277,sensor0,46.66
2277,sensor33,35.21
2278,sensor0,46.66
2278,sensor33,35.0
2279,sensor0,46.66
2279,sensor33,34.79
2280,sensor0,46.66
2280,sensor33,35.68
2281,sensor0,46.66
2281,sensor33,35.68
2282,sensor0,46.66
2282,sensor33,35.16
2283,sensor0,46.66
2283,sensor33,35.16
2284,sensor0,46.66
2284,sensor33,35.68
2285,sensor0,46.66
2285,sensor33,35.68
2286,sensor0,46.66
2286,sensor33,35.42
2287,sensor0,46.66
2287,sensor33,35.16
2288,sensor0,46.66
2288,sensor33,34.9
2289,sensor0,46.66
2289,sensor33,34.38
2290,sensor0,46.66
2290,sensor33,35.16
2291,sensor0,46.66
2291,sensor33,34.9
2292,sensor0,46.66
2292,sensor33,34.38
2293,sensor0,46.66
2293,sensor33,34.38
2294,sensor0,46.66
2294,sensor33,34.11
2295,sensor0,46.66
2295,sensor33,33.59
2319,sensor32,46.61
2319,sensor34,112.15
2320,sensor32,46.88
2320,sensor34,111.13
2321,sensor32,46.61
2321,sensor34,117.45
2322,sensor32,46.09
2322,sensor34,115.89
2323,sensor32,45.83
2323,sensor34,113.54
2324,sensor32,45.57
2324,sensor34,108.07
2325,sensor32,44.79
2325,sensor34,103.91
2326,sensor32,44.27
2326,sensor34,103.12
2327,sensor32,44.01
2327,sensor34,103.91
2328,sensor32,44.27
2328,sensor34,103.39
2329,sensor32,44.53
2329,sensor34,100.52
2330,sensor32,44.01
2330,sensor34,95.57
2331,sensor32,43.49
2331,sensor34,90.89
2332,sensor32,43.49
2332,sensor34,87.76
2333,sensor32,44.01
2333,sensor34,86.2
2334,sensor32,44.79
2334,sensor34,82.29
2335,sensor32,46.09
2335,sensor34,79.69
2336,sensor32,47.14
2336,sensor34,80.47
2337,sensor32,47.4
2337,sensor34,82.03
2338,sensor32,48.18
2338,sensor34,83.33
2339,sensor32,47.92
2339,sensor34,85.94
2340,sensor32,47.4
2340,sensor34,88.28
2341,sensor32,47.4
2341,sensor34,88.28
2342,sensor32,46.88
2342,sensor34,91.67
2343,sensor32,46.88
2343,sensor34,94.27
2344,sensor32,47.14
2344,sensor34,96.32
2345,sensor32,47.4
2345,sensor34,96.87
2346,sensor32,47.4
2346,sensor34,97.08
2347,sensor32,47.14
2347,sensor34,97.07
2348,sensor32,46.61
2348,sensor34,96.94
2349,sensor32,45.31
2349,sensor34,96.84
2350,sensor32,44.01
2350,sensor34,102.86
2351,sensor32,42.71
2351,sensor34,100.52
2352,sensor32,41.93
2352,sensor34,101.3
2353,sensor32,40.89
2353,sensor34,100.0
2354,sensor32,40.62
2354,sensor34,100.0
2355,sensor32,40.62
2355,sensor34,100.0
2356,sensor32,41.41
2356,sensor34,99.48
2357,sensor32,42.19
2357,sensor34,97.66
2652,sensor2,44.57
2652,sensor32,47.14
2653,sensor2,44.57
2653,sensor32,47.14
2654,sensor2,44.66
2654,sensor32,47.14
2655,sensor2,44.66
2655,sensor32,47.14
2656,sensor2,44.66
2656,sensor32,46.09
2657,sensor2,44.66
2657,sensor32,46.61
2658,sensor2,44.66
2658,sensor32,46.09
2659,sensor2,44.7
2659,sensor32,46.61
2660,sensor2,44.7
2660,sensor32,46.61
2661,sensor2,44.7
2661,sensor32,46.61
2662,sensor2,44.7
2662,sensor32,47.14
2663,sensor2,44.7
2663,sensor32,48.18
2664,sensor2,44.7
2664,sensor32,49.48
2665,sensor2,44.7
2665,sensor32,50.52
2666,sensor2,44.7
2666,sensor32,50.52
2667,sensor2,44.7
2667,sensor32,49.74
2668,sensor2,44.66
2668,sensor32,49.48
2669,sensor2,44.66
2669,sensor32,48.44
2670,sensor2,44.57
2670,sensor32,47.92
2671,sensor2,44.57
2671,sensor32,46.61
2672,sensor2,44.53
2672,sensor32,45.83
2673,sensor2,44.53
2673,sensor32,44.79
2674,sensor2,44.53
2674,sensor32,44.27
2675,sensor2,44.53
2675,sensor32,43.23
2676,sensor2,44.53
2676,sensor32,42.71
2677,sensor2,44.53
2677,sensor32,42.19
2678,sensor2,44.53
2678,sensor32,42.19
2679,sensor2,44.57
2679,sensor32,41.67
2680,sensor2,44.57
2680,sensor32,41.41
2681,sensor2,44.57
2681,sensor32,41.67
2681,sensor33,36.2
2681,sensor34,73.44
2682,sensor2,44.57
2682,sensor32,41.93
2682,sensor33,36.98
2682,sensor34,76.56
2683,sensor2,44.57
2683,sensor32,41.41
2683,sensor33,37.76
2683,sensor34,80.47
2684,sensor33,36.98
2684,sensor34,82.03
2685,sensor33,36.2
2685,sensor34,83.33
2686,sensor33,34.9
2686,sensor34,83.07
2687,sensor33,33.59
2687,sensor34,79.95
2688,sensor33,33.07
2688,sensor34,77.34
2689,sensor33,33.85
2689,sensor34,75.26
2690,sensor33,34.11
2690,sensor34,72.66
2691,sensor33,33.59
2691,sensor34,70.31
2692,sensor33,32.81
2692,sensor34,68.75
2693,sensor33,31.77
2693,sensor34,66.93
2694,sensor33,31.77
2694,sensor34,67.45
2695,sensor33,32.55
2695,sensor34,67.45
2696,sensor33,33.07
2696,sensor34,69.01
2697,sensor33,32.55
2697,sensor34,70.05
2698,sensor33,31.77
2698,sensor34,72.14
2699,sensor33,31.51
2699,sensor34,76.82
2700,sensor33,30.99
2700,sensor34,79.69
2701,sensor33,30.99
2701,sensor34,79.69
2702,sensor33,31.25
2702,sensor34,80.73
2703,sensor33,32.55
2703,sensor34,82.55
2704,sensor33,36.6
2704,sensor34,83.07
2705,sensor33,37.76
2705,sensor34,82.29
2706,sensor33,37.43
2706,sensor34,81.77
2707,sensor33,37.52
2707,sensor34,81.77
2708,sensor33,37.54
2708,sensor34,81.77
2709,sensor33,37.51
2709,sensor34,81.77
2710,sensor33,37.43
2710,sensor34,80.73
2711,sensor33,37.36
2711,sensor34,79.95
2712,sensor33,37.29
2712,sensor34,78.39
2713,sensor33,37.36
2713,sensor34,77.08
2714,sensor33,37.57
2714,sensor34,77.08
2715,sensor33,37.74
2715,sensor34,76.56
2716,sensor33,38.28
2716,sensor34,75.52
2717,sensor33,37.76
2717,sensor34,71.35
2718,sensor33,36.46
2718,sensor34,70.31
2719,sensor33,35.68
2719,sensor34,71.61
2720,sensor33,35.68
2720,sensor34,75.52
2721,sensor33,36.72
2721,sensor34,78.39
2722,sensor33,40.78
2722,sensor34,78.01
2723,sensor33,40.1
2723,sensor34,77.44
2724,sensor33,41.57
2724,sensor34,76.78
2725,sensor33,41.66
2725,sensor34,76.08
2726,sensor33,41.58
2726,sensor34,81.25
2727,sensor33,41.3
2727,sensor34,79.17
2728,sensor33,40.9
2728,sensor34,77.08
2729,sensor33,40.53
2729,sensor34,75.78
3147,sensor33,33.85
3147,sensor34,76.04
3148,sensor33,33.85
3148,sensor34,77.08
3149,sensor33,34.11
3149,sensor34,82.03
3150,sensor33,34.11
3150,sensor34,81.65
3151,sensor33,34.38
3151,sensor34,80.87
3152,sensor33,34.9
3152,sensor34,79.53
3153,sensor33,34.9
3153,sensor34,78.0
3154,sensor33,34.38
3154,sensor34,76.48
3155,sensor33,34.11
3155,sensor34,75.11
3156,sensor33,35.16
3156,sensor34,73.84
3157,sensor33,36.2
3157,sensor34,78.65
3158,sensor33,36.72
3158,sensor34,75.26
3159,sensor33,38.02
3159,sensor34,72.14
3160,sensor33,38.8
3160,sensor34,69.01
3161,sensor33,39.58
3161,sensor34,66.15
3162,sensor33,40.1
3162,sensor34,63.8
3209,sensor0,47.96
3209,sensor34,63.54
3210,sensor0,47.96
3210,sensor34,62.5
3211,sensor0,47.96
3211,sensor34,61.46
3212,sensor0,47.92
3212,sensor34,60.42
3213,sensor0,47.92
3213,sensor34,59.64
3214,sensor0,47.92
3214,sensor34,58.85
3215,sensor0,47.92
3215,sensor34,58.33
3216,sensor0,47.92
3216,sensor34,58.85
3217,sensor0,47.92
3217,sensor34,59.9
3218,sensor0,47.92
3218,sensor34,60.16
3219,sensor0,47.83
3219,sensor34,59.9
3220,sensor0,47.83
3220,sensor34,59.64
3221,sensor0,47.83
3221,sensor1,50.95
3221,sensor32,51.04
3221,sensor34,59.64
3222,sensor0,47.83
3222,sensor1,50.95
3222,sensor32,52.34
3222,sensor34,59.11
3223,sensor0,47.83
3223,sensor1,50.95
3223,sensor32,53.39
3223,sensor34,59.11
3224,sensor0,47.83
3224,sensor1,50.87
3224,sensor2,45.79
3224,sensor32,53.65
3224,sensor34,59.64
3225,sensor0,47.83
3225,sensor1,50.87
3225,sensor2,45.79
3225,sensor32,53.91
3225,sensor34,59.64
3226,sensor0,47.79
3226,sensor1,50.87
3226,sensor2,45.79
3226,sensor32,53.65
3226,sensor34,58.85
3227,sensor0,47.83
3227,sensor1,50.95
3227,sensor2,45.79
3227,sensor32,53.65
3227,sensor34,58.33
3228,sensor0,47.83
3228,sensor1,50.95
3228,sensor2,45.79
3228,sensor32,53.39
3228,sensor34,57.29
3229,sensor0,47.83
3229,sensor1,51.0
3229,sensor2,45.79
3229,sensor32,53.65
3229,sensor34,56.25
3230,sensor0,47.83
3230,sensor1,51.0
3230,sensor2,45.79
3230,sensor32,53.91
3230,sensor34,55.99
3231,sensor0,47.83
3231,sensor1,51.0
3231,sensor2,45.79
3231,sensor32,54.43
3231,sensor34,58.85
3232,sensor0,47.83
3232,sensor1,51.0
3232,sensor2,45.79
3232,sensor32,54.95
3232,sensor34,63.02
3233,sensor0,47.83
3233,sensor2,45.79
3233,sensor34,64.06
3234,sensor0,47.92
3234,sensor2,45.79
3234,sensor34,64.06
3235,sensor2,45.79
3236,sensor2,45.79
3237,sensor2,45.79
3238,sensor2,45.79
3239,sensor2,45.75
3240,sensor2,45.75
3241,sensor2,45.75
3242,sensor0,47.92
3242,sensor1,51.0
3242,sensor2,45.75
3243,sensor0,47.92
3243,sensor1,51.0
3243,sensor2,45.75
3244,sensor0,47.96
3244,sensor1,51.0
3244,sensor2,45.75
3245,sensor0,47.96
3245,sensor1,51.0
3245,sensor2,45.75
3246,sensor0,47.96
3246,sensor1,51.04
3246,sensor2,45.75
3246,sensor33,35.42
3247,sensor0,47.96
3247,sensor1,50.95
3247,sensor2,45.75
3247,sensor33,35.16
3248,sensor0,47.96
3248,sensor1,51.04
3248,sensor2,45.66
3248,sensor33,34.38
3249,sensor0,47.96
3249,sensor1,51.0
3249,sensor2,45.66
3249,sensor33,34.11
3250,sensor0,47.96
3250,sensor1,51.0
3250,sensor2,45.66
3250,sensor33,33.85
3251,sensor0,47.96
3251,sensor1,51.0
3251,sensor2,45.62
3251,sensor33,34.11
3252,sensor0,47.92
3252,sensor1,51.04
3252,sensor2,45.62
3252,sensor33,34.11
3253,sensor0,47.92
3253,sensor1,51.0
3253,sensor2,45.62
3253,sensor33,34.11
3254,sensor0,47.92
3254,sensor1,51.0
3254,sensor2,45.62
3254,sensor33,34.11
3255,sensor0,47.92
3255,sensor1,51.0
3255,sensor2,45.62
3255,sensor33,34.11
3256,sensor0,47.92
3256,sensor1,50.95
3256,sensor2,45.57
3256,sensor33,34.11
3257,sensor0,47.83
3257,sensor1,51.0
3257,sensor2,45.57
3257,sensor33,33.85
3258,sensor0,47.83
3258,sensor1,50.95
3258,sensor2,45.57
3258,sensor33,33.85
3259,sensor0,47.83
3259,sensor1,51.0
3259,sensor2,45.57
3259,sensor33,33.85
3260,sensor0,47.79
3260,sensor1,50.87
3260,sensor2,45.57
3260,sensor33,33.07
3261,sensor0,47.79
3261,sensor1,50.95
3261,sensor2,45.53
3261,sensor33,32.29
3262,sensor0,47.74
3262,sensor1,50.87
3262,sensor2,45.53
3262,sensor33,32.29
3263,sensor0,47.74
3263,sensor1,50.87
3263,sensor2,45.53
3263,sensor33,32.29
3264,sensor0,47.7
3264,sensor1,50.82
3264,sensor2,45.44
3264,sensor33,31.77
3265,sensor0,47.61
3265,sensor1,50.87
3265,sensor2,45.44
3265,sensor33,31.51
3266,sensor0,47.57
3266,sensor1,50.78
3266,sensor2,45.4
3266,sensor33,31.25
3267,sensor0,47.53
3267,sensor1,50.87
3267,sensor2,45.4
3267,sensor33,30.99
3268,sensor0,47.53
3268,sensor1,50.78
3268,sensor2,45.4
3268,sensor33,30.47
3269,sensor0,47.48
3269,sensor1,50.78
3269,sensor33,30.47
3270,sensor0,47.4
3270,sensor1,50.78
3270,sensor33,30.21
3271,sensor0,47.35
3271,sensor1,50.82
3271,sensor33,30.21
3272,sensor0,47.31
3272,sensor1,50.78
3272,sensor33,30.47
3273,sensor0,47.31
3273,sensor1,50.74
3273,sensor33,30.99
3274,sensor0,47.27
3274,sensor1,50.74
3274,sensor33,31.25
3275,sensor0,47.18
3275,sensor1,50.78
3275,sensor33,31.51
3276,sensor0,47.14
3276,sensor1,50.65
3276,sensor33,31.51
3277,sensor0,47.09
3277,sensor1,50.74
3277,sensor33,31.25
3278,sensor0,47.05
3278,sensor1,50.74
3278,sensor33,30.99
3279,sensor0,47.05
3279,sensor1,50.74
3279,sensor33,30.47
3280,sensor0,46.96
3280,sensor1,50.65
3280,sensor33,30.21
3281,sensor0,46.96
3281,sensor1,50.65
3281,sensor33,30.21
3282,sensor0,46.92
3282,sensor1,50.65
3282,sensor33,29.95
3283,sensor0,46.92
3283,sensor1,50.74
3283,sensor33,29.95
3284,sensor0,46.88
3284,sensor1,50.74
3284,sensor33,29.69
3285,sensor0,46.88
3285,sensor1,50.78
3285,sensor33,29.17
3286,sensor0,46.88
3286,sensor1,50.65
3286,sensor33,29.69
3287,sensor0,46.83
3287,sensor1,50.61
3287,sensor33,29.17
3288,sensor0,46.83
3288,sensor1,50.65
3288,sensor33,28.91
3289,sensor0,46.83
3289,sensor1,50.61
3289,sensor33,28.91
3290,sensor0,46.83
3290,sensor1,50.56
3290,sensor33,28.91
3291,sensor0,46.74
3291,sensor1,50.56
3291,sensor33,28.91
3292,sensor33,29.96
3293,sensor33,31.25
3294,sensor33,30.99
3295,sensor33,30.47
3321,sensor33,37.5
3321,sensor34,90.89
3322,sensor33,37.5
3322,sensor34,94.01
3323,sensor33,37.76
3323,sensor34,94.01
3324,sensor33,37.5
3324,sensor34,92.45
3325,sensor33,36.98
3325,sensor34,89.84
3326,sensor33,36.72
3326,sensor34,86.98
3327,sensor33,36.46
3327,sensor34,84.9
3328,sensor33,35.68
3328,sensor34,84.64
3329,sensor33,35.68
3329,sensor34,82.55
3330,sensor33,35.68
3330,sensor34,79.43
3331,sensor33,35.16
3331,sensor34,76.56
3332,sensor33,34.38
3332,sensor34,74.22
3333,sensor33,33.59
3333,sensor34,74.48
3334,sensor33,32.81
3334,sensor34,73.18
3335,sensor33,32.55
3335,sensor34,70.83
3336,sensor33,32.29
3336,sensor34,69.27
3337,sensor33,32.29
3337,sensor34,69.01
3338,sensor1,50.35
3338,sensor33,32.29
3338,sensor34,70.57
3339,sensor1,50.35
3339,sensor33,31.77
3339,sensor34,71.35
3340,sensor1,50.3
3340,sensor33,31.51
3340,sensor34,70.57
3341,sensor1,50.22
3341,sensor33,31.77
3341,sensor34,69.27
3342,sensor1,50.22
3342,sensor33,32.55
3342,sensor34,68.23
3343,sensor1,50.22
3343,sensor33,32.55
3344,sensor1,50.17
3344,sensor33,32.55
3345,sensor1,50.17
3345,sensor33,32.29
3346,sensor1,50.17
3346,sensor33,32.29
3347,sensor1,50.13
3347,sensor33,31.51
3348,sensor1,50.13
3348,sensor33,31.25
3349,sensor1,50.13
3349,sensor33,30.99
3350,sensor1,50.17
3350,sensor33,31.25
3351,sensor1,50.13
3351,sensor33,31.51
3352,sensor1,50.17
3352,sensor33,31.77
3353,sensor1,50.13
3353,sensor33,32.29
3354,sensor1,50.13
3354,sensor33,31.51
3355,sensor1,50.09
3355,sensor33,31.25
3356,sensor1,50.09
3356,sensor33,30.47
3357,sensor1,50.09
3357,sensor33,30.21
3358,sensor1,50.13
3358,sensor33,30.21
3359,sensor1,50.09
3359,sensor33,30.21
3360,sensor1,50.09
3360,sensor33,30.47
3361,sensor1,50.09
3361,sensor33,30.47
3362,sensor1,50.09
3362,sensor33,30.47
3363,sensor1,50.13
3363,sensor33,30.21
3364,sensor1,50.0
3364,sensor33,29.95
3365,sensor1,50.0
3365,sensor33,29.95
3366,sensor1,50.09
3366,sensor33,29.95
3367,sensor1,50.09
3367,sensor33,29.95
3368,sensor1,50.0
3368,sensor33,29.95
3369,sensor1,50.09
3369,sensor33,29.95
3370,sensor1,50.09
3370,sensor33,30.21
3371,sensor1,50.0
3371,sensor33,30.21
3372,sensor1,50.13
3372,sensor33,30.99
3414,sensor1,50.17
3414,sensor33,27.86
3415,sensor1,50.3
3415,sensor33,28.65
3416,sensor1,50.22
3416,sensor33,28.65
3417,sensor1,50.17
3417,sensor33,28.65
3418,sensor1,50.3
3418,sensor33,28.65
3419,sensor1,50.3
3419,sensor33,28.65
3420,sensor1,50.22
3420,sensor33,28.91
3421,sensor1,50.22
3421,sensor33,28.91
3422,sensor1,50.3
3422,sensor33,30.21
3423,sensor1,50.3
3423,sensor33,30.99
3424,sensor1,50.22
3424,sensor33,31.15
3425,sensor1,50.3
3425,sensor33,31.21
3426,sensor1,50.3
3426,sensor33,31.19
3427,sensor1,50.22
3427,sensor33,31.21
3428,sensor1,50.3
3428,sensor33,31.32
3429,sensor1,50.35
3429,sensor33,31.45
3430,sensor1,50.35
3430,sensor33,31.55
3431,sensor1,50.3
3431,sensor33,32.81
3432,sensor1,50.3
3432,sensor33,32.55
3433,sensor1,50.22
3433,sensor33,32.29
3434,sensor1,50.35
3434,sensor33,31.51
3435,sensor1,50.35
3435,sensor33,30.99
3436,sensor1,50.35
3436,sensor33,31.77
3437,sensor1,50.43
3437,sensor33,33.07
3438,sensor1,50.35
3438,sensor33,33.59
3453,sensor33,29.17
3453,sensor34,74.41
3454,sensor33,28.91
3454,sensor34,75.09
3455,sensor33,28.91
3455,sensor34,75.36
3456,sensor33,28.91
3456,sensor34,75.42
3457,sensor33,28.65
3457,sensor34,75.46
3458,sensor33,28.65
3458,sensor34,75.49
3459,sensor33,28.65
3459,sensor34,75.66
3460,sensor33,28.91
3460,sensor34,80.73
3461,sensor33,28.91
3461,sensor34,80.73
3462,sensor33,28.91
3462,sensor34,80.99
3463,sensor33,29.69
3463,sensor34,79.95
3464,sensor33,30.99
3464,sensor34,77.86
3465,sensor33,30.99
3465,sensor34,77.08
3466,sensor33,30.21
3466,sensor34,77.08
3467,sensor33,29.69
3467,sensor34,76.04
3468,sensor33,29.69
3468,sensor34,76.04
3469,sensor33,29.95
3469,sensor34,73.44
3470,sensor33,31.25
3470,sensor34,72.66
3471,sensor33,32.41
3471,sensor34,70.57
3472,sensor33,32.66
3472,sensor34,67.45
3473,sensor33,32.82
3473,sensor34,62.76
3474,sensor33,32.9
3474,sensor34,58.59
3475,sensor33,32.89
3475,sensor34,56.25
3476,sensor33,32.89
3476,sensor34,54.43
3673,sensor1,50.95
3673,sensor32,41.93
3674,sensor1,50.87
3674,sensor32,42.71
3675,sensor1,50.87
3675,sensor32,44.01
3676,sensor1,50.78
3676,sensor32,45.83
3677,sensor1,50.87
3677,sensor32,46.88
3678,sensor1,50.87
3678,sensor32,47.4
3679,sensor1,50.87
3679,sensor32,46.88
3680,sensor1,50.87
3680,sensor32,45.57
3681,sensor1,50.87
3681,sensor32,44.27
3682,sensor1,50.82
3682,sensor32,43.23
3683,sensor1,50.95
3683,sensor32,42.71
3684,sensor1,50.82
3684,sensor32,42.97
3685,sensor1,50.82
3685,sensor32,42.97
3686,sensor1,50.82
3686,sensor32,44.53
3687,sensor1,50.82
3687,sensor32,44.79
3688,sensor1,50.87
3688,sensor32,45.83
3689,sensor1,50.87
3689,sensor32,47.14
3690,sensor1,50.87
3690,sensor32,46.33
3691,sensor1,50.82
3691,sensor32,46.21
3692,sensor1,50.87
3692,sensor32,46.1
3693,sensor1,50.87
3693,sensor32,46.05
3694,sensor1,50.82
3694,sensor32,46.08
3695,sensor1,50.82
3695,sensor32,46.21
3696,sensor1,50.87
3696,sensor32,47.92
3697,sensor1,50.95
3697,sensor32,47.14
3698,sensor1,50.87
3698,sensor32,46.88
3699,sensor1,50.87
3699,sensor32,46.88
3700,sensor1,50.87
3700,sensor32,46.09
3701,sensor0,45.83
3701,sensor1,50.95
3701,sensor32,45.57
3702,sensor0,45.83
3702,sensor1,50.87
3702,sensor32,45.57
3703,sensor0,45.83
3703,sensor1,50.87
3703,sensor32,46.09
3704,sensor0,45.83
3704,sensor1,50.87
3704,sensor32,47.92
3705,sensor0,45.83
3705,sensor1,50.87
3706,sensor0,45.83
3706,sensor1,50.95
3707,sensor0,45.83
3707,sensor1,50.82
3708,sensor0,45.83
3708,sensor1,50.82
3708,sensor2,44.23
3708,sensor33,31.77
3709,sensor0,45.88
3709,sensor1,50.78
3709,sensor2,44.23
3709,sensor33,31.51
3710,sensor0,46.09
3710,sensor1,50.87
3710,sensor2,44.23
3710,sensor33,31.51
3711,sensor0,45.88
3711,sensor1,50.82
3711,sensor2,44.23
3711,sensor33,31.77
3712,sensor0,45.88
3712,sensor1,50.87
3712,sensor2,44.23
3712,sensor33,31.77
3713,sensor0,45.88
3713,sensor1,50.78
3713,sensor2,44.23
3713,sensor33,31.77
3714,sensor0,45.88
3714,sensor1,50.78
3714,sensor2,44.14
3714,sensor33,32.29
3715,sensor0,45.83
3715,sensor1,50.78
3715,sensor2,44.14
3715,sensor33,32.29
3716,sensor0,45.96
3716,sensor1,50.87
3716,sensor2,44.14
3716,sensor33,31.77
3717,sensor0,45.96
3717,sensor1,50.78
3717,sensor2,44.14
3717,sensor33,31.77
3718,sensor0,45.96
3718,sensor1,50.78
3718,sensor2,44.14
3718,sensor33,32.29
3719,sensor0,46.01
3719,sensor1,50.82
3719,sensor2,44.14
3719,sensor33,32.29
3720,sensor0,46.01
3720,sensor1,50.74
3720,sensor2,44.14
3720,sensor33,32.55
3721,sensor0,46.01
3721,sensor1,50.74
3721,sensor2,44.14
3721,sensor33,32.55
3722,sensor0,46.01
3722,sensor1,50.78
3722,sensor2,44.23
3722,sensor33,33.07
3723,sensor0,46.01
3723,sensor1,50.78
3723,sensor2,44.23
3723,sensor33,33.07
3724,sensor2,44.23
3724,sensor33,32.81
3725,sensor2,44.23
3725,sensor33,32.55
3726,sensor2,44.23
3726,sensor33,32.55
3727,sensor2,44.23
3727,sensor33,32.55
3728,sensor2,44.23
3728,sensor33,32.29
3729,sensor2,44.23
3729,sensor33,31.77
3730,sensor2,44.23
3730,sensor33,31.77
3731,sensor2,44.23
3731,sensor33,31.51
3732,sensor2,44.23
3732,sensor33,31.51
3733,sensor2,44.23
3733,sensor33,31.25
3734,sensor2,44.23
3734,sensor33,30.99
3735,sensor2,44.23
3735,sensor33,30.99
3736,sensor2,44.23
3736,sensor33,30.47
3737,sensor1,50.52
3737,sensor2,44.23
3737,sensor32,41.93
3737,sensor33,30.47
3738,sensor1,50.61
3738,sensor2,44.23
3738,sensor32,41.67
3738,sensor33,30.47
3739,sensor1,50.61
3739,sensor2,44.23
3739,sensor32,41.41
3739,sensor33,30.47
3740,sensor1,50.61
3740,sensor2,44.23
3740,sensor32,40.62
3740,sensor33,30.47
3741,sensor1,50.61
3741,sensor2,44.27
3741,sensor32,40.36
3741,sensor33,30.21
3742,sensor1,50.52
3742,sensor2,44.27
3742,sensor32,40.62
3742,sensor33,29.95
3743,sensor1,50.56
3743,sensor2,44.27
3743,sensor32,40.36
3743,sensor33,30.21
3744,sensor1,50.56
3744,sensor2,44.27
3744,sensor32,40.36
3744,sensor33,29.95
3745,sensor1,50.65
3745,sensor2,44.27
3745,sensor32,40.36
3745,sensor33,29.95
3746,sensor1,50.61
3746,sensor2,44.27
3746,sensor32,40.62
3746,sensor33,29.95
3747,sensor1,50.56
3747,sensor32,40.89
3748,sensor1,50.56
3748,sensor32,40.89
3749,sensor1,50.56
3749,sensor32,41.67
3750,sensor1,50.61
3750,sensor32,42.71
3751,sensor1,50.56
3751,sensor32,43.23
3752,sensor1,50.65
3752,sensor32,43.49
3753,sensor1,50.61
3753,sensor32,43.23
3754,sensor1,50.56
3754,sensor32,42.19
3755,sensor1,50.65
3755,sensor32,42.19
3756,sensor1,50.61
3756,sensor32,42.71
3757,sensor1,50.61
3757,sensor32,42.71
3758,sensor1,50.61
3758,sensor32,43.23
3759,sensor1,50.61
3759,sensor32,44.27
3760,sensor1,50.65
3760,sensor32,44.53
3761,sensor1,50.56
3761,sensor32,44.01
3762,sensor1,50.61
3762,sensor32,43.49
3763,sensor1,50.56
3763,sensor32,42.97
3764,sensor1,50.56
3764,sensor32,43.23
3765,sensor1,50.56
3765,sensor32,44.79
3766,sensor1,50.56
3766,sensor32,44.79
3859,sensor0,47.31
3859,sensor34,92.97
3860,sensor0,47.31
3860,sensor34,90.1
3861,sensor0,47.31
3861,sensor34,87.5
3862,sensor0,47.18
3862,sensor34,86.46
3863,sensor0,47.27
3863,sensor34,85.94
3864,sensor0,47.31
3864,sensor34,85.16
3865,sensor0,47.35
3865,sensor34,83.85
3866,sensor0,47.35
3866,sensor34,81.77
3867,sensor0,47.35
3867,sensor34,79.69
3868,sensor0,47.35
3868,sensor34,77.86
3869,sensor0,47.35
3869,sensor34,75.78
4105,sensor1,51.04
4105,sensor32,48.18
4106,sensor1,50.95
4106,sensor32,47.92
4107,sensor1,51.04
4107,sensor32,47.14
4108,sensor1,51.04
4108,sensor32,46.09
4109,sensor1,51.09
4109,sensor32,45.31
4110,sensor1,51.0
4110,sensor32,44.27
4111,sensor1,51.04
4111,sensor32,43.49
4112,sensor1,51.04
4112,sensor32,43.23
4113,sensor1,51.17
4113,sensor32,42.71
4114,sensor1,51.04
4114,sensor32,41.93
4115,sensor1,51.09
4115,sensor32,42.19
4116,sensor1,51.04
4116,sensor32,42.19
4117,sensor1,51.0
4117,sensor32,41.93
4118,sensor1,51.04
4118,sensor32,41.67
4119,sensor1,51.09
4119,sensor32,40.89
4119,sensor33,36.2
4120,sensor1,51.09
4120,sensor32,40.36
4120,sensor33,35.16
4121,sensor1,51.17
4121,sensor32,39.58
4121,sensor33,33.85
4122,sensor1,51.04
4122,sensor32,40.36
4122,sensor33,32.81
4123,sensor1,51.09
4123,sensor32,40.89
4123,sensor33,32.29
4124,sensor1,51.09
4124,sensor32,40.89
4124,sensor33,31.51
4125,sensor1,51.17
4125,sensor32,40.89
4125,sensor33,31.25
4126,sensor1,51.17
4126,sensor32,40.89
4126,sensor33,31.77
4127,sensor1,51.17
4127,sensor32,40.89
4127,sensor33,32.81
4128,sensor1,51.17
4128,sensor32,41.41
4128,sensor33,33.07
4129,sensor1,51.09
4129,sensor32,41.41
4129,sensor33,32.81
4130,sensor1,51.09
4130,sensor32,41.41
4130,sensor33,33.07
4131,sensor1,51.09
4131,sensor32,40.89
4131,sensor33,33.85
4132,sensor1,51.09
4132,sensor32,40.89
4132,sensor33,33.85
4133,sensor1,51.3
4133,sensor32,40.36
4133,sensor33,35.16
4134,sensor1,51.17
4134,sensor32,40.36
4134,sensor33,35.68
4135,sensor1,51.09
4135,sensor32,40.36
4136,sensor1,51.17
4136,sensor32,40.1
4137,sensor1,51.22
4137,sensor32,39.58
4138,sensor1,51.26
4138,sensor32,39.06
4139,sensor1,51.22
4139,sensor32,39.32
4140,sensor1,51.22
4140,sensor32,42.72
4141,sensor1,51.22
4141,sensor32,43.49
4142,sensor1,51.17
4142,sensor32,44.53
4143,sensor1,51.22
4143,sensor32,45.57
4144,sensor1,51.22
4144,sensor32,45.83
4145,sensor1,51.26
4145,sensor32,46.09
4146,sensor1,51.3
4146,sensor32,46.09
4147,sensor1,51.22
4147,sensor32,46.09
4148,sensor1,51.17
4148,sensor32,45.57
4149,sensor1,51.26
4149,sensor2,45.36
4149,sensor32,45.31
4150,sensor1,51.22
4150,sensor2,45.36
4150,sensor32,44.53
4151,sensor1,51.22
4151,sensor2,45.36
4151,sensor32,44.01
4152,sensor1,51.26
4152,sensor2,45.36
4152,sensor32,43.23
4153,sensor1,51.22
4153,sensor2,45.36
4153,sensor32,42.19
4154,sensor2,45.36
4154,sensor32,41.67
4155,sensor2,45.36
4155,sensor32,41.67
4156,sensor2,45.36
4156,sensor32,43.23
4157,sensor2,45.36
4157,sensor32,45.27
4158,sensor2,45.4
4158,sensor32,46.61
4159,sensor2,45.4
4159,sensor32,47.14
4160,sensor2,45.4
4160,sensor32,46.88
4161,sensor2,45.4
4161,sensor32,46.61
4162,sensor2,45.4
4162,sensor32,46.61
4163,sensor2,45.4
4163,sensor32,47.4
4164,sensor2,45.4
4164,sensor32,47.4
4165,sensor2,45.44
4165,sensor32,46.88
4166,sensor2,45.44
4166,sensor32,47.14
4167,sensor2,45.44
4167,sensor32,47.4
4256,sensor0,48.91
4256,sensor2,45.31
4257,sensor0,48.91
4257,sensor2,45.31
4258,sensor0,48.65
4258,sensor2,45.36
4259,sensor0,48.87
4259,sensor2,45.36
4260,sensor0,48.87
4260,sensor2,45.4
4261,sensor0,48.87
4261,sensor2,45.4
4262,sensor0,48.83
4262,sensor2,45.44
4263,sensor0,48.83
4263,sensor2,45.44
4264,sensor0,48.83
4264,sensor2,45.44
4265,sensor0,48.78
4265,sensor2,45.44
4266,sensor0,48.78
4266,sensor2,45.4
4267,sensor0,48.78
4267,sensor2,45.4
4268,sensor0,48.7
4268,sensor2,45.4
4269,sensor0,48.7
4269,sensor2,45.42
4270,sensor0,48.7
4270,sensor2,45.36
4271,sensor0,48.65
4271,sensor2,45.4
4272,sensor0,48.65
4272,sensor2,45.44
4273,sensor0,48.65
4273,sensor2,45.44
4274,sensor0,48.61
4274,sensor2,45.53
4275,sensor0,48.61
4275,sensor2,45.57
4276,sensor0,48.61
4276,sensor2,45.57
4277,sensor0,48.57
4277,sensor2,45.62
4278,sensor0,48.61
4278,sensor2,45.62
4279,sensor0,48.61
4279,sensor2,45.66
4280,sensor0,48.57
4280,sensor2,45.66
4281,sensor0,48.57
4281,sensor2,45.66
4282,sensor0,48.57
4282,sensor2,45.75
4283,sensor0,48.57
4283,sensor2,45.75
4284,sensor0,48.57
4284,sensor2,45.75
4285,sensor0,48.57
4285,sensor2,45.75
4286,sensor0,48.57
4286,sensor2,45.79
4287,sensor0,48.57
4287,sensor2,45.79
4288,sensor0,48.57
4288,sensor2,45.79
4289,sensor0,48.48
4289,sensor2,45.83
4290,sensor0,48.48
4290,sensor2,45.83
4291,sensor0,48.48
4291,sensor2,45.88
4292,sensor0,48.39
4292,sensor2,45.88
4293,sensor0,48.57
4293,sensor2,45.96
4294,sensor0,48.57
4294,sensor2,45.96
4295,sensor0,48.57
4295,sensor2,45.96
4296,sensor0,48.48
4296,sensor2,46.01
4297,sensor0,48.57
4297,sensor2,46.01
4298,sensor0,48.57
4298,sensor2,46.01
4299,sensor0,48.57
4299,sensor2,46.01
4300,sensor0,48.57
4300,sensor2,45.96
4301,sensor0,48.57
4301,sensor2,45.96
4302,sensor0,48.61
4302,sensor2,45.96
4373,sensor33,34.38
4373,sensor34,100.52
4374,sensor33,34.38
4374,sensor34,98.96
4375,sensor33,34.11
4375,sensor34,94.79
4376,sensor33,33.85
4376,sensor34,89.84
4377,sensor33,34.11
4377,sensor34,86.46
4378,sensor33,34.11
4378,sensor34,83.07
4379,sensor33,33.85
4379,sensor34,79.17
4380,sensor33,33.59
4380,sensor34,82.77
4381,sensor33,33.59
4381,sensor34,82.33
4382,sensor33,33.85
4382,sensor34,81.91
4383,sensor33,33.85
4383,sensor34,81.52
4384,sensor33,34.11
4384,sensor34,81.36
4385,sensor33,34.11
4385,sensor34,81.51
4386,sensor33,34.11
4386,sensor34,82.01
4387,sensor33,33.59
4387,sensor34,82.85
4388,sensor33,33.07
4388,sensor34,77.86
4389,sensor33,32.55
4389,sensor34,79.95
4390,sensor33,32.29
4390,sensor34,81.25
4391,sensor33,31.77
4391,sensor34,81.77
4392,sensor33,32.29
4392,sensor34,80.73
4393,sensor33,32.29
4393,sensor34,83.59
4394,sensor33,32.81
4394,sensor34,88.54
4395,sensor33,33.07
4395,sensor34,92.71
4396,sensor33,33.07
4396,sensor34,94.27
4397,sensor33,33.07
4397,sensor34,92.19
4398,sensor33,33.07
4398,sensor34,89.06
4399,sensor33,33.07
4399,sensor34,86.2
4400,sensor33,33.07
4400,sensor34,83.85
4401,sensor33,32.81
4401,sensor34,86.2
4402,sensor33,32.81
4402,sensor34,87.24
4403,sensor33,32.81
4403,sensor34,87.24
4404,sensor33,32.81
4404,sensor34,84.9
4405,sensor33,32.55
4405,sensor34,83.33
4406,sensor33,32.55
4406,sensor34,82.03
4407,sensor33,32.55
4407,sensor34,82.55
4408,sensor33,32.29
4408,sensor34,85.68
4409,sensor33,32.29
4409,sensor34,95.36
4611,sensor2,46.83
4611,sensor34,81.2
4612,sensor2,46.83
4612,sensor34,82.08
4613,sensor2,46.83
4613,sensor34,82.21
4614,sensor2,46.83
4614,sensor34,82.2
4615,sensor2,46.88
4615,sensor34,82.67
4616,sensor2,46.88
4616,sensor34,83.63
4617,sensor2,46.88
4617,sensor34,84.96
4618,sensor2,46.88
4618,sensor34,85.16
4619,sensor2,46.92
4619,sensor34,82.55
4620,sensor2,46.92
4620,sensor34,89.94
4621,sensor2,46.92
4621,sensor34,89.58
4622,sensor2,46.88
4622,sensor34,89.58
4623,sensor2,46.88
4623,sensor34,93.75
4624,sensor2,46.88
4624,sensor34,90.79
4625,sensor2,46.83
4625,sensor34,89.69
4626,sensor2,46.74
4626,sensor34,88.04
4627,sensor2,46.74
4627,sensor34,86.14
4628,sensor2,46.7
4628,sensor34,84.59
4629,sensor2,46.7
4629,sensor34,84.12
4630,sensor2,46.66
4630,sensor34,87.5
4631,sensor2,46.66
4631,sensor34,83.33
4632,sensor2,46.66
4632,sensor34,78.39
4633,sensor2,46.66
4633,sensor34,76.04
4634,sensor2,46.66
4634,sensor34,74.48
4895,sensor2,45.62
4895,sensor32,55.99
4896,sensor2,45.62
4896,sensor32,55.99
4897,sensor2,45.62
4897,sensor32,55.73
4898,sensor2,45.62
4898,sensor32,54.69
4899,sensor2,45.62
4899,sensor32,53.91
4900,sensor2,45.62
4900,sensor32,53.65
4901,sensor2,45.62
4901,sensor32,52.6
4902,sensor2,45.62
4902,sensor32,51.82
4903,sensor2,45.57
4903,sensor32,51.82
4904,sensor2,45.57
4904,sensor32,51.04
4905,sensor2,45.57
4905,sensor32,50.78
4906,sensor2,45.57
4906,sensor32,50.0
4907,sensor2,45.53
4907,sensor32,50.0
4908,sensor2,45.53
4908,sensor32,50.0
4909,sensor2,45.53
4909,sensor32,49.74
4910,sensor2,45.44
4910,sensor32,48.7
4911,sensor2,45.44
4911,sensor32,47.92
4912,sensor2,45.44
4912,sensor32,48.18
4913,sensor2,45.4
4913,sensor32,48.44
4914,sensor2,45.4
4914,sensor32,48.18
4915,sensor2,45.4
4915,sensor32,47.14
4916,sensor2,45.4
4916,sensor32,47.14
4917,sensor2,45.4
4917,sensor32,47.14
4918,sensor2,45.4
4918,sensor32,47.4
4919,sensor2,45.36
4919,sensor32,48.18
4920,sensor2,45.36
4920,sensor32,48.44
4921,sensor2,45.36
4921,sensor32,48.44
4922,sensor2,45.36
4922,sensor32,48.18
4923,sensor2,45.36
4923,sensor32,48.18
4924,sensor2,45.36
4924,sensor32,48.18
4925,sensor2,45.36
4925,sensor32,47.92
4926,sensor2,45.36
4926,sensor32,47.92
4927,sensor2,45.4
4927,sensor32,47.4
4928,sensor2,45.36
4928,sensor32,47.4
4929,sensor2,45.36
4929,sensor32,48.18
4930,sensor2,45.36
4930,sensor32,48.7
4931,sensor2,45.36
4931,sensor32,50.0
4932,sensor2,45.36
4932,sensor32,50.78
4933,sensor2,45.36
4933,sensor32,51.3
4934,sensor2,45.36
4934,sensor32,52.08
4935,sensor2,45.36
4935,sensor32,51.82
4936,sensor2,45.36
4936,sensor32,50.78
4937,sensor2,45.36
4937,sensor32,49.22
4938,sensor2,45.36
4938,sensor32,48.18
4939,sensor2,45.36
4939,sensor32,47.14
